Schloss Neuschwanstein; 47.558314; 10.750058
Chiemsee, Germany; 47.894881; 12.467069
Cologne Cathedral; 50.941312; 6.957948
Bamberg, Deutschland; 49.895431; 10.897137
Praha, Česko; 50.06694; 14.460249
